,Ag,DM,EBV,chi2,dec,field,hmag,objid,period,ra,score_2
0,2.05,13.266,2.059,99.537,24.16684,064-06,11.09,11732598308928342978,1.58764,301.79277,0.910730361938
1,0.529,16.301,1.238,24.42,25.57942,064-06,12.316,11750771037112805797,3.44282,303.43995,0.608446121216
0,0.532,17.958,0.797,65.452,40.83748,160-06,14.069,10622707291386254951,3.22134,63.57164,0.261715054512
1,0.563,19.26,0.899,7.032,39.9192,160-06,14.157,10622795252316514945,8.10916,64.55043,0.256665229797
0,0.437,16.779,1.007,4.403,66.96522,109+08,12.639,10835027384756148702,3.46568,334.68094,0.410606712103
1,0.411,15.346,1.836,7.007,65.92928,109+08,13.252,10997227340086078785,1.20688,338.09571,0.325422257185
2,0.419,18.856,1.48,19.294,66.03872,109+08,13.712,10997227340086321368,12.37687,337.88667,0.797529160976
3,0.867,17.499,0.959,15.1,65.05146,109+08,11.773,11069249749752568179,11.32283,337.79974,0.631414592266
0,0.447,17.563,0.644,17.26,64.21574,100+12,14.131,10546251650837400239,2.46438,317.13256,0.264016807079
0,0.825,19.925,0.276,33.13,75.59575,125+12,13.793,10241554988547517058,15.73593,24.77914,0.291999071836
1,0.425,14.664,0.797,16.01,73.76978,125+12,11.464,10349711748348882154,1.67795,26.34912,0.264693975449
2,0.299,18.388,0.626,5.517,74.65974,125+12,14.036,10493615830192306368,4.57396,14.39307,0.269580870867
0,0.735,21.997,0.222,85.487,5.03383,034+06,13.996,11604192942992162849,66.83081,277.5684,0.26648658514
1,1.131,12.284,2.18,68.674,5.51807,034+06,9.496,11604245719549157394,1.96873,278.1839,0.705350875854
2,0.459,21.441,0.21,28.709,3.92719,034+06,14.676,11622084196198032146,37.62345,276.41868,0.384442657232
3,0.551,13.629,1.354,28.111,3.86643,034+06,9.136,11622084196198068360,4.10686,276.5907,0.690614402294
4,1.951,12.255,1.959,63.508,5.47222,034+06,10.131,11622277710244674271,0.99866,278.46932,0.584244012833
5,0.862,16.021,0.983,6.876,4.46246,034+06,13.33,11658218546333206126,1.58075,277.83998,0.687631607056
6,0.503,13.17,1.93,11.188,4.63249,034+06,9.173,11658236138519397494,4.09459,278.22057,0.979286551476
7,0.258,12.809,1.556,5.095,3.93985,034+06,9.615,11676180168284463370,2.1791,277.49338,0.260885298252
8,0.421,15.057,1.341,13.803,3.07807,034+06,11.993,11694106605863484180,2.06969,276.86167,0.369256436825
9,0.606,17.621,0.952,8.587,3.70827,034+06,15.007,11694194566793935147,1.65832,277.80027,0.589377224445
10,0.661,20.123,0.749,23.554,4.32057,034+06,15.505,11694264935538346231,7.50392,278.52966,0.362572699785
11,0.517,19.668,1.287,20.024,4.57912,034+06,14.033,11694300119909336676,14.16493,278.88011,0.915562808514
12,0.374,15.446,1.759,6.005,2.34949,034+06,12.991,11730100218510237826,1.40627,276.95955,0.372779637575
13,0.86,17.597,0.958,5.539,3.59152,034+06,14.229,11748272946696193619,2.75605,278.74709,0.497407585382
14,0.772,13.333,1.87,48.046,3.80124,034+06,8.561,11748308131067180266,6.481,278.92004,0.672717988491
15,0.474,18.933,1.094,16.605,2.94027,034+06,12.143,11766216976460378767,35.21087,278.07306,0.693066060543
16,0.927,20.056,1.005,8.212,3.327,034+06,13.379,11766287345204526661,25.34743,278.75064,0.84518045187
17,0.815,14.838,1.077,21.439,4.02892,034+06,12.231,11766357713947313964,1.42349,279.43187,0.533366322517
18,0.714,18.523,1.91,69.597,2.74966,034+06,10.766,11784248967155828939,85.42287,278.43611,0.49675193429
19,0.327,14.391,2.079,8.912,3.24593,034+06,11.379,11784301743713947230,2.44346,278.91449,0.5103469491
20,0.811,15.86,1.358,5.474,1.74484,034+06,13.073,11802157812549007328,1.91413,277.60471,0.652347266674
21,0.323,16.618,1.486,4.995,2.47939,034+06,12.573,11802228181293187608,4.03482,278.30039,0.274287104607
22,0.397,13.743,1.922,9.947,3.08937,034+06,9.822,11802316142223382381,4.15963,279.2457,0.66570943594
23,0.606,15.563,1.553,16.049,2.59775,034+06,12.264,11820277764174764391,2.94123,278.84151,0.540749490261
24,1.109,15.372,1.434,12.48,2.39612,034+06,13.076,11856324153379365353,1.25628,279.46736,0.79991042614
0,0.527,15.745,0.523,4.623,11.17222,049-06,10.79,12163888341994814012,6.71555,295.41823,0.792203068733
1,0.92,16.067,1.731,24.194,11.61472,049-06,13.479,12218037090638446032,1.48503,297.17217,0.618977129459
0,0.947,14.717,1.095,143.894,49.03266,109-12,9.845,12780828714384586964,4.79065,351.05637,0.848103404045
1,0.698,15.715,1.039,42.84,48.14924,109-12,11.479,12979092651105596346,3.68361,353.6413,0.378638476133
0,0.891,21.506,0.566,6.555,38.38028,169+00,14.809,9975050962160873730,23.54988,78.48164,0.259314864874
0,0.487,18.32,0.398,35.798,49.66374,146-08,14.087,11017845382130069777,3.82452,48.48615,0.465021371841
1,0.611,18.309,0.965,4.343,48.18468,146-08,14.339,11179957376529297525,2.8107,46.25869,0.381557404995
0,0.965,16.685,1.101,7.928,71.0441,109+12,13.621,10348550664069900845,1.86248,324.76854,0.306835114956
1,0.606,14.996,0.933,23.931,70.82322,109+12,10.894,10438693025361255914,3.83012,328.29027,0.912656664848
2,1.354,20.14,1.142,102.661,69.4122,109+12,11.346,10456584278568581454,141.45401,324.67371,0.830668032169
3,0.916,19.525,0.393,63.979,69.46315,109+12,14.786,10600840204132958694,4.47578,331.53183,0.318776160479
0,0.659,16.466,1.395,9.625,64.83699,140+06,13.306,10224578529015028489,2.29801,53.27533,0.494019210339
1,0.383,14.515,0.645,7.132,62.79239,140+06,12.139,10260765655707991357,1.0826,54.60934,0.283324718475
2,0.989,16.372,1.589,20.564,62.60593,140+06,12.34,10278797646403517878,5.19601,54.63809,0.578085899353
3,0.274,14.629,1.222,6.344,64.0273,140+06,10.748,10350644134209012106,3.64027,50.30751,0.450103223324
4,0.588,18.364,0.914,22.833,62.80735,140+06,14.15,10350749687325671316,3.67286,51.63401,0.291449278593
5,1.164,12.317,2.068,17.784,62.24798,140+06,9.297,10368816862392867105,2.01308,52.17755,0.871083021164
0,1.366,15.502,0.963,336.532,60.55935,139+00,11.75,10620912888409314297,2.66795,46.04623,0.623544633389
1,0.444,13.227,1.684,5.998,59.46108,139+00,10.135,10621018441526123773,2.28921,47.53734,0.98286563158
2,0.372,18.241,1.336,21.604,60.67765,139+00,13.672,10656906501056274348,5.05397,45.1888,0.428990989923
3,0.686,19.951,0.973,15.146,60.37973,139+00,13.82,10674920899565698203,17.57502,44.60479,0.82180249691
4,0.429,18.124,0.964,20.056,60.58357,139+00,12.709,10692900113702990490,8.8642,43.68621,0.528301358223
5,1.015,20.987,0.553,66.846,60.24685,139+00,13.757,10710932104398533121,13.80095,43.81087,0.339038640261
6,0.478,14.598,0.997,4.692,59.78757,139+00,11.439,10710984880956646326,2.14522,44.6735,0.58234077692
7,0.83,14.151,1.415,11.79,59.34185,139+00,10.825,10711020065328751779,2.80562,45.19491,0.994810581207
8,0.697,15.754,1.638,25.976,60.33021,139+00,12.947,10746925717045422297,1.36979,42.63723,0.258734405041
9,0.455,15.153,1.211,7.597,60.11215,139+00,0.0,10746943309231466328,1.2032,42.96528,0.303608089685
10,0.906,17.517,0.482,14.525,57.34627,139+00,13.512,10873184836287091127,3.97596,43.5024,0.401614934206
11,0.851,14.299,1.032,6.595,57.9345,139+00,10.907,10891111273866341215,2.79914,42.02334,0.890436768532
0,0.434,15.309,0.807,7.09,17.47594,049+06,12.174,11172850133368577396,1.93772,283.39392,0.532143294811
1,0.845,17.247,1.061,16.311,18.17205,049+06,10.226,11172938094298025681,36.71729,284.15459,0.437780052423
2,0.507,14.874,0.665,16.75,18.87472,049+06,12.049,11173008463042283549,1.50198,284.8878,0.512514591217
3,1.205,12.039,1.896,50.478,18.57667,049+06,10.056,11245101241452048796,0.99545,286.11146,0.41274651885
4,0.691,12.671,1.748,18.273,16.87662,049+06,10.581,11262939718100200632,1.05262,284.38709,0.366628557444
5,0.403,19.387,1.048,15.308,15.7416,049+06,13.092,11334944535580180710,23.43654,284.49802,0.456410109997
6,0.769,17.067,1.807,34.355,16.84409,049+06,9.663,11335085273068789245,66.89229,286.0047,0.353071123362
7,0.581,18.783,0.823,10.576,15.89537,049+06,12.451,11352994118461802549,17.67577,285.04994,0.617765128613
8,0.399,12.621,1.767,8.573,16.44397,049+06,9.566,11389110876411353493,2.28065,286.38107,0.609069347382
9,0.684,14.668,0.651,2.124,16.09803,049+06,10.84,11407125274920965985,3.26962,286.49619,0.833347320557
0,0.406,12.77,1.736,21.6,41.02416,079-00,10.345,11103132300073096716,1.40704,306.14067,0.869392633438
1,0.524,13.599,1.723,4.419,39.62483,079-00,11.876,11175119525366609181,1.01922,306.04109,0.380810171366
2,0.549,14.881,1.775,24.295,40.56368,079-00,11.715,11175225078483180462,1.48059,307.1988,0.56386166811
3,0.445,15.457,1.228,41.621,40.47717,079-00,10.786,11175225078483956456,1.98759,307.13139,0.500454068184
4,0.592,16.287,1.416,30.539,38.97075,079-00,12.278,11193116331690000261,3.19195,306.07159,0.498822718859
5,0.869,15.133,1.876,109.396,39.50577,079-00,11.832,11193151516062171531,1.15136,306.43724,0.340721130371
6,0.494,13.174,2.053,30.096,39.68018,079-00,11.129,11193169108248256457,1.35856,306.61618,0.682727515697
7,0.854,15.752,1.452,13.282,40.13673,079-00,12.985,11193221884806624464,1.58088,307.12879,0.492367446423
8,0.505,15.631,1.441,6.267,40.49771,079-00,12.9,11193257069178706881,1.66159,307.47542,0.944870352745
9,0.78,16.343,1.681,66.826,41.34995,079-00,12.699,11193327437923098956,2.76262,308.0995,0.291478514671
10,0.999,19.146,1.1,135.886,38.98305,079-00,12.559,11211130730199482396,9.93866,306.19186,0.437542200089
11,0.638,15.042,1.249,21.572,39.54683,079-00,11.531,11211183506757701394,1.35678,306.77976,0.287031412125
12,1.443,14.61,1.825,64.374,41.32094,079-00,11.97,11211341836432580916,1.06477,308.28583,0.696881592274
13,0.343,14.472,1.899,28.771,41.49214,079-00,11.411,11211359428618737738,1.28022,308.40618,0.527422487736
14,0.347,12.239,2.877,2.552,38.60697,079-00,10.345,11229127536522962955,1.68464,306.26939,0.668840527534
15,0.336,14.502,1.47,5.992,39.88653,079-00,11.746,11229250681825298757,1.77709,307.56331,0.470459014177
16,0.511,19.345,1.22,41.309,40.28447,079-00,12.964,11229303458383967725,19.49971,308.01123,0.468833327293
17,0.417,15.282,1.908,6.704,39.07687,079-00,0.0,11247229895962528279,1.92267,307.26125,0.321997433901
18,0.465,15.679,1.561,17.791,40.30006,079-00,13.173,11247317856894048960,1.18118,308.25343,0.438716202974
19,0.38,12.46,2.444,17.145,41.10489,079-00,10.785,11247405817823528587,1.07488,308.95444,0.287948220968
20,0.339,15.446,2.076,26.18,39.92598,079-00,11.392,11283346653912788440,3.63508,308.47717,0.367266178131
21,0.422,13.777,1.801,10.773,39.88218,079-00,11.759,11301378644608052603,1.02307,308.78484,0.611509263515
22,0.455,17.626,1.423,22.842,39.3664,079-00,14.119,11319375450931473200,3.67094,308.9112,0.672574520111
23,0.657,15.012,1.965,28.141,40.10176,079-00,13.022,11337477810371118270,1.2691,309.92491,0.566050589085
24,0.41,15.884,1.713,14.25,39.49593,079-00,13.404,11355439432322503545,1.8391,309.43348,0.335185885429
25,0.451,15.419,0.963,9.079,39.79642,079-00,13.179,11355474616694834399,1.12075,309.89627,0.353182941675
26,0.858,14.253,2.08,15.367,38.38241,079-00,10.332,11427461841987767106,6.12992,309.86693,0.978397369385
27,0.527,15.109,1.273,26.875,39.22567,079-00,12.203,11427532210732752698,1.6976,310.60523,0.894021391869
0,0.736,15.048,0.958,5.856,32.31938,176+00,12.278,10011607524761397197,1.62998,83.53265,0.982677519321
1,0.396,19.2,1.389,6.893,30.53859,176+00,14.329,10029780252945476901,9.22097,84.89788,0.347803741693
2,0.434,20.506,0.354,56.507,30.84949,176+00,14.522,10065756273405881318,12.70251,84.17786,0.587437570095
3,0.515,17.389,1.087,9.041,31.25972,176+00,12.675,10101714701680503579,5.60567,83.03366,0.330721825361
4,0.479,17.561,0.866,6.669,32.90254,176+00,13.209,9885577103938895586,4.12027,85.48791,0.362960189581
5,1.107,17.795,0.652,30.841,32.38906,176+00,12.438,9957634697977177939,9.74854,84.70519,0.578811705112
0,0.533,15.478,0.916,20.091,53.58609,140-06,12.416,11035490344732005891,2.01478,43.85318,0.299432188272
1,1.734,14.861,0.687,64.759,53.30049,140-06,11.056,11035525529104227330,3.14805,44.29186,0.741151273251
0,0.616,18.375,1.289,30.826,60.91611,109+00,13.666,11483598507656129409,6.39741,341.52123,0.680284798145
1,0.53,14.863,1.724,4.181,61.20181,109+00,12.199,11483633692028115157,1.60558,342.64796,0.815729260445
2,0.479,16.3,1.405,25.417,61.34421,109+00,12.264,11483651284214159636,4.22111,342.84926,0.427990913391
3,0.429,14.402,1.077,7.063,60.4715,109+00,10.11,11501595313979607175,4.76515,341.23517,0.998072862625
4,0.372,14.87,1.554,7.708,61.135,109+00,0.0,11501665682723654665,1.30584,343.05902,0.455954164267
5,1.006,15.506,1.425,5.353,59.86811,109+00,12.011,11519574528117571709,2.5065,340.37118,0.978583216667
6,0.551,14.616,1.713,9.254,59.60358,109+00,10.612,11555620917321542946,4.64691,340.84598,0.991810142994
7,0.721,14.252,1.421,6.733,59.71294,109+00,10.726,11555638509508310413,2.99086,341.41312,0.9957203269
8,0.455,15.673,1.964,9.698,60.26618,109+00,13.728,11573705684575576444,1.28777,343.11811,0.589896738529
9,0.354,14.785,0.586,9.575,60.5036,109+00,11.466,11573723276761575449,1.9613,343.58673,0.333534479141
10,0.562,12.28,1.482,85.614,60.38975,109+00,9.528,11573723276761620396,1.12623,343.41887,0.383512318134
11,0.275,15.015,1.426,11.897,60.62168,109+00,12.604,11573740868948302205,1.33144,343.91461,0.314157098532
12,0.5,14.665,1.011,25.494,60.32795,109+00,12.067,11591737675271745937,1.44362,343.54296,0.603541612625
13,0.653,15.533,1.004,25.889,60.78115,109+00,13.155,11591772859643119765,1.25434,344.61756,0.280997216702
14,0.454,14.601,0.685,26.531,60.89033,109+00,11.688,11591790451828495669,1.69259,344.93282,0.508556067944
15,0.418,14.278,1.774,10.688,61.27347,109+00,9.936,11591825636200553255,5.43585,345.84401,0.95176333189
16,0.948,13.92,1.947,18.073,59.09534,109+00,10.174,11609664112849958094,3.69648,341.57157,0.994349658489
17,0.611,14.896,1.868,2.26,60.47686,109+00,12.526,11627836841034181162,1.01768,345.35686,0.460750848055
18,1.156,18.666,1.116,54.459,58.30875,109+00,13.161,11753849669670161241,6.86858,344.04445,0.417344272137
19,1.017,14.625,1.087,15.394,58.98334,109+00,10.611,11753902446228266666,3.77092,345.39837,0.995004117489
20,0.561,18.435,0.609,61.476,58.19448,109+00,13.936,11807928049570747969,3.93657,345.11385,0.586791396141
21,0.974,18.956,0.986,49.909,58.82184,109+00,13.326,11807998418314717764,8.85702,346.8268,0.48738232255
22,0.727,15.643,1.184,8.935,58.17696,109+00,10.847,11825960040265767458,6.03252,345.42383,0.952190518379
0,0.363,14.593,2.127,17.186,2.42923,034+00,12.042,12036661652520045763,2.03774,282.9715,0.664246618748
1,0.752,15.566,1.727,56.481,0.82604,034+00,12.526,12072532119865473722,1.63246,281.72903,0.283961445093
2,0.32,14.365,1.754,6.34,0.48599,034+00,12.37,12108560916885237231,1.06536,282.10727,0.358714818954
3,0.486,15.319,1.867,19.734,0.57171,034+00,12.749,12108560916885237507,1.33832,282.08423,0.828345298767
4,0.859,14.852,1.475,33.379,0.70466,034+00,12.091,12108578509071281836,1.21074,282.26484,0.945953726768
5,0.85,14.749,1.345,46.677,0.58088,034+00,10.782,12180688879667203509,2.62045,283.41792,0.649137198925
6,0.564,14.719,1.38,12.759,1.24512,034+00,11.5,12180759248409482544,2.01732,284.21524,0.594871997833
7,0.613,12.009,2.571,7.079,-0.33517,034+00,10.063,12198597725060355329,1.32422,282.63652,0.716705679893
8,1.632,13.296,2.563,21.898,-0.57721,034+00,9.876,12216612123570821045,3.92624,282.74883,0.989371061325
9,0.488,12.169,3.316,13.079,1.37523,034+00,8.667,12216840821988029229,4.16296,285.15301,0.967055737972
10,0.539,16.503,1.258,17.34,-0.2871,034+00,12.015,12234679298636992452,5.02684,283.65141,0.434775948524
11,0.892,15.494,1.681,2.42,-0.38529,034+00,11.561,12252711289332682018,4.69412,283.83013,0.97767239809
0,0.441,17.856,0.425,19.436,14.40745,191-12,14.061,11075371830494754434,3.50438,82.28043,0.365689218044
1,0.495,18.7,0.769,27.89,13.68219,191-12,14.988,11075442199238952433,3.32142,82.94129,0.535442054272
2,0.514,14.58,2.258,87.964,12.91249,191-12,12.195,11111523772816063247,1.32915,83.14749,0.27232336998
3,1.119,15.335,0.792,101.007,12.61458,191-12,10.728,11147552569835015389,3.14204,82.6508,0.656114041805
4,0.471,16.629,1.955,10.314,12.56165,191-12,12.495,11147552569835015484,5.28797,82.71537,0.432774931192
5,0.359,18.255,0.489,28.5,13.83574,191-12,14.824,11219399057640588608,2.30597,79.83632,0.293158173561
6,0.825,15.452,1.771,95.056,11.86152,191-12,13.221,11219627756059134045,0.99679,82.32888,0.325655162334
0,0.753,20.422,0.345,20.238,35.80959,160-12,14.866,10965104008368240990,10.24919,61.47489,0.75367462635
1,0.432,19.131,0.59,39.976,35.77753,160-12,15.886,10983100814691676195,1.64234,61.10633,0.492441087961
0,0.439,16.26,0.503,13.643,52.51045,109-08,11.785,12348360004855061907,4.3519,347.45227,0.741632640362
0,0.277,15.774,1.44,13.98,-7.06813,025+12,13.09,6253054568558144014,1.57983,265.3133,0.619730591774
1,1.493,16.858,0.839,26.032,-6.61168,025+12,14.282,6253107345116913391,1.48459,264.92985,0.480712711811
2,0.423,14.955,1.388,9.725,-6.21207,025+12,10.281,6271156927998492771,7.35386,264.75255,0.958976864815
3,0.565,16.558,0.796,6.377,-6.58269,025+12,13.401,6307097764086188606,1.91814,265.99767,0.308565169573
4,0.945,16.669,1.339,16.35,-6.07569,025+12,14.359,6307150540645362121,1.52834,265.52096,0.681391775608
5,0.441,14.085,1.448,6.873,-6.73505,025+12,11.846,6325076978223566278,1.01067,266.49929,0.432689756155
6,1.7,20.669,0.426,37.087,-5.87901,025+12,14.732,6325182531340370178,17.14486,265.4677,0.735157430172
7,0.446,14.238,0.796,27.415,-5.12501,025+12,12.071,6325270492270735988,1.21997,264.63981,0.514107644558
8,0.874,15.649,0.839,21.236,-5.66616,025+12,13.222,6343196929849608341,1.13717,265.49288,0.324128687382
9,0.541,17.343,0.589,5.239,-6.89198,025+12,14.465,6361052998684132901,1.50006,267.21715,0.40106472373
10,0.771,17.742,0.721,10.169,-6.20721,025+12,14.429,6361140959614897024,2.24697,266.51755,0.420095235109
11,0.638,15.762,0.674,53.502,-5.54132,025+12,12.697,6361211328359087056,2.45177,265.7869,0.904887080193
12,0.52,14.393,1.4,14.363,-5.08918,025+12,10.714,6361264104917405792,2.66431,265.35513,0.597729623318
13,0.861,17.36,0.667,11.35,-4.42455,025+12,14.512,6397328086308778551,1.48671,265.27911,0.387677192688
14,0.978,16.628,0.753,6.257,-4.60044,025+12,14.186,6415307300445848460,1.21166,265.6615,0.408249020576
15,0.771,16.621,0.719,13.475,-5.28078,025+12,13.155,6487224156995283967,2.9368,267.92414,0.443878561258
16,1.188,18.895,0.549,38.321,-5.08747,025+12,13.612,6487241749181348585,12.10682,267.69771,0.38635635376
17,0.573,19.212,0.639,10.44,-4.41791,025+12,15.296,6487329710111653368,3.01038,266.79818,0.309865802526
18,0.814,19.07,0.748,76.54,-4.31538,025+12,15.221,6505326516435087439,3.3915,267.22496,0.738112509251
19,1.034,16.906,0.532,14.578,-3.9818,025+12,12.6,6505361700807949492,4.00628,266.86591,0.781611502171
20,0.746,15.444,0.827,13.802,-4.62428,025+12,13.213,6523288138386377098,1.16603,267.72782,0.377362757921
0,0.456,15.36,1.793,3.65,15.05203,049+00,12.149,11569290045879284008,2.84097,288.53326,0.967025279999
1,0.995,16.302,1.487,25.472,14.47767,049+00,11.485,11605283658525781234,7.84555,288.56647,0.701749801636
2,0.67,14.697,0.901,9.075,15.08706,049+00,12.053,11605354027268914692,1.27535,289.17066,0.90075135231
3,0.702,16.349,1.762,17.149,14.17134,049+00,10.535,11623280464848053090,20.26205,288.33867,0.926530480385
4,0.437,14.738,2.016,7.91,14.3286,049+00,13.027,11623298057035264471,0.99819,288.63567,0.485579639673
5,0.268,13.836,1.481,6.832,14.83343,049+00,12.068,11641400416474082956,0.99981,289.71313,0.47004583478
6,0.702,14.195,1.437,25.094,15.21584,049+00,12.357,11659467591542055249,1.01209,290.32559,0.284875959158
7,0.388,13.114,1.968,3.179,13.27239,049+00,9.37,11677288476005557682,4.72174,288.62638,0.891323208809
8,1.175,13.658,2.749,14.813,14.0235,049+00,8.357,11677358844748851834,18.79928,289.38961,0.993511140347
9,0.453,14.414,2.297,5.596,15.50577,049+00,12.683,11677534766609703742,1.23279,291.18617,0.68098628521
10,0.348,14.157,1.334,20.111,13.19442,049+00,10.605,11695302874514044059,2.98529,288.73063,0.980331480503
11,0.658,14.571,1.98,58.455,13.55353,049+00,12.902,11695338058886143345,1.10698,289.06309,0.641205370426
12,0.369,12.244,2.452,4.94,14.37238,049+00,9.495,11731490001207659282,2.55943,290.72179,0.6439499259
13,0.955,12.672,2.941,5.117,15.47263,049+00,9.148,11731613146510046229,4.94602,291.94166,0.97623705864
14,0.623,12.715,2.953,7.535,13.25005,049+00,9.147,11749398846600830189,6.01459,289.85175,0.978646099567
15,0.827,21.71,1.1,87.194,14.0921,049+00,13.64,11749504399719867317,80.81848,290.92317,0.389692366123
0,0.49,15.111,1.474,4.399,64.19913,124+00,11.564,11268463664518847658,2.99266,16.96479,0.825081706047
1,0.694,14.321,0.628,28.523,63.46802,124+00,11.763,11268534033263052126,1.26172,18.90594,0.563322901726
2,1.614,15.046,1.652,10.081,64.41243,124+00,11.576,11286442878656688016,2.81875,15.82406,0.999365270138
3,0.504,16.903,1.534,12.363,63.5646,124+00,14.213,11286513247400465670,1.66916,18.09412,0.257763773203
4,0.464,17.078,1.33,39.042,63.12511,124+00,13.609,11304562830282051458,3.42588,18.70764,0.742149412632
5,0.414,19.443,0.475,11.646,64.30819,124+00,13.245,11322436491303603988,20.60515,14.58444,0.360956221819
6,0.301,13.558,1.536,2.298,62.74689,124+00,10.559,11340591627301022499,2.31554,18.6555,0.978544712067
7,0.548,14.739,1.426,1.699,62.54519,124+00,12.408,11340609219487066980,1.0771,19.10466,0.422656565905
8,0.817,17.882,0.3,31.368,64.24862,124+00,13.045,11376444502460214395,6.41439,13.2677,0.275359094143
9,0.425,17.299,0.236,14.544,63.05797,124+00,12.388,11394546861898751559,6.48395,15.64924,0.318497002125
10,0.367,14.398,1.085,3.035,64.16981,124+00,10.469,11412438115107072511,3.90094,12.06674,0.944890022278
11,0.592,14.415,0.888,10.826,63.15645,124+00,10.923,11430540474545989859,2.4889,14.38548,0.985125184059
12,0.469,14.179,0.961,2.014,63.1598,124+00,11.652,11466534087192653475,1.29195,13.24131,0.286705374718
13,0.698,15.13,0.997,12.003,62.02549,124+00,11.843,11466639640309449960,2.16362,16.32602,0.819419205189
14,0.972,18.44,0.68,29.969,63.06463,124+00,14.221,11484530893516173761,5.18211,12.56004,0.401897221804
15,0.445,15.251,1.226,4.057,62.55485,124+00,10.815,11484583670074839259,5.63486,14.17082,0.983345091343
16,0.87,15.874,1.14,5.95,61.71543,124+00,13.243,11502650845142423304,1.28487,15.5166,0.560035049915
17,0.56,16.002,1.43,5.059,62.00696,124+00,13.18,11574602886063381961,1.75013,12.37348,0.299244642258
18,0.892,13.876,2.136,30.421,62.03771,124+00,10.152,11592599692386553593,3.05288,11.78267,0.583095252514
0,0.976,18.024,1.097,24.718,60.58798,146+08,14.83,10045015086059453199,1.99884,64.29804,0.296633720398
1,0.584,18.752,0.599,47.036,60.01641,146+08,13.713,10099058281587733955,9.4838,62.98023,0.278848141432
2,0.396,17.014,1.463,6.79,61.91031,146+08,13.429,9900917490169695661,2.66654,67.84399,0.316612571478
3,0.433,18.42,0.695,13.059,60.80562,146+08,14.846,9937016655932579081,2.94479,67.37915,0.369544029236
4,0.861,15.222,0.733,15.435,62.33802,146+08,12.25,9972869531091163425,1.88798,64.86558,0.662673830986
0,0.434,15.309,0.807,7.09,17.47594,049+12,12.174,11172850133368577396,1.93772,283.39392,0.532143294811
1,0.845,17.247,1.061,16.311,18.17205,049+12,10.226,11172938094298025681,36.71729,284.15459,0.437780052423
2,0.507,14.874,0.665,16.75,18.87472,049+12,12.049,11173008463042283549,1.50198,284.8878,0.512514591217
3,1.205,12.039,1.896,50.478,18.57667,049+12,10.056,11245101241452048796,0.99545,286.11146,0.41274651885
4,0.691,12.671,1.748,18.273,16.87662,049+12,10.581,11262939718100200632,1.05262,284.38709,0.366628557444
5,0.403,19.387,1.048,15.308,15.7416,049+12,13.092,11334944535580180710,23.43654,284.49802,0.456410109997
6,0.769,17.067,1.807,34.355,16.84409,049+12,9.663,11335085273068789245,66.89229,286.0047,0.353071123362
7,0.581,18.783,0.823,10.576,15.89537,049+12,12.451,11352994118461802549,17.67577,285.04994,0.617765128613
8,0.399,12.621,1.767,8.573,16.44397,049+12,9.566,11389110876411353493,2.28065,286.38107,0.609069347382
9,0.684,14.668,0.651,2.124,16.09803,049+12,10.84,11407125274920965985,3.26962,286.49619,0.833347320557
0,1.952,12.518,1.94,50.976,-2.82786,034-12,9.725,12883531896512523144,1.00255,293.16442,0.492736726999
1,0.64,15.866,0.781,9.151,-3.53098,034-12,11.248,12937557499854337788,5.06926,293.54778,0.981719076633
2,0.337,18.179,0.432,11.648,-4.13247,034-12,14.682,12955501529619583518,2.44965,292.97806,0.298937857151
3,1.097,12.163,1.637,30.589,-4.03046,034-12,9.765,12955519121805649859,1.00236,293.24617,0.306282967329
4,1.812,12.471,1.933,76.301,-4.58793,034-12,9.459,12973480743756904735,1.98973,292.86083,0.824683964252
5,0.652,16.061,0.528,4.856,-4.36664,034-12,13.002,12973498335942953979,1.7222,293.00155,0.403354108334
6,0.465,19.898,0.462,31.223,-2.79838,034-12,15.018,12973691849989961355,5.06402,294.86547,0.402052730322
7,0.463,14.835,0.661,44.853,-3.47997,034-12,12.438,12991653471941282711,1.16917,294.66779,0.419556230307
8,1.11,15.192,1.069,85.511,-5.30452,034-12,10.647,13063570328490396994,5.57279,293.86021,0.667109072208
0,0.42,13.192,1.704,7.111,28.81366,064+00,10.924,11228177558476863721,1.10141,296.75913,0.313099503517
1,0.695,14.728,0.967,1.191,28.07692,064+00,10.744,11264171171123543288,4.17049,296.71626,0.888194322586
2,0.49,15.895,2.374,17.001,26.88196,064+00,11.117,11300112007214033425,10.61056,296.12172,0.777515649796
3,0.484,15.706,1.738,10.492,27.54956,064+00,13.592,11300164783771260329,1.14127,296.70491,0.412668973207
4,0.76,14.81,1.751,1.907,27.60151,064+00,10.964,11300182375956454945,4.74067,296.7659,0.99744874239
5,0.887,15.552,1.786,15.474,27.91562,064+00,10.793,11300217560328606885,9.12892,297.21607,0.92304712534
6,0.713,14.848,1.302,6.769,28.13323,064+00,10.534,11300235152514662176,5.37129,297.27476,0.995860993862
7,0.417,15.565,1.367,6.092,27.73615,064+00,13.116,11318214366654673389,1.59821,297.25943,0.838036179543
8,0.641,14.988,1.926,7.424,28.32856,064+00,10.322,11318284735396378540,8.32683,298.06486,0.993243873119
9,0.377,12.519,2.923,8.539,26.51374,064+00,10.306,11336123212045026094,1.80415,296.32592,0.337749153376
10,1.312,14.376,1.836,43.206,26.60729,064+00,8.665,11336140804231277379,17.73392,296.65989,0.932306528091
11,0.574,15.696,0.797,26.1,27.56725,064+00,12.076,11336228765161583716,2.98357,297.42947,0.749784708023
12,1.109,14.511,2.639,15.073,27.46287,064+00,9.85,11336228765161586773,12.72867,297.51518,0.994435191154
13,0.491,15.219,1.7,5.542,27.46608,064+00,12.074,11336228765163343300,2.9563,297.3733,0.993302464485
14,0.914,15.063,1.776,12.256,27.65625,064+00,10.704,11336246357350199457,6.46996,297.54746,0.985475957394
15,0.514,14.369,1.743,3.866,27.94426,064+00,9.975,11336281541722255812,7.30252,297.9135,0.97249943018
16,0.702,14.486,2.074,16.337,28.69681,064+00,10.542,11336351910464054064,4.78934,298.72763,0.99060946703
17,0.427,12.586,2.225,4.542,28.74654,064+00,10.442,11336369502650098532,1.35909,298.74032,0.761007726192
18,0.515,14.737,2.096,2.003,29.07388,064+00,11.997,11336404687021845376,2.05773,299.17631,0.553741931915
19,0.907,17.563,1.167,10.736,27.03751,064+00,13.044,11354207979300126496,5.93297,297.27865,0.957242369652
20,1.255,21.126,0.286,21.304,26.97187,064+00,11.871,11354225571485013433,137.33662,297.4295,0.699252784252
21,0.426,15.301,1.281,15.614,27.15398,064+00,11.595,11354225571485014627,3.23006,297.3177,0.973774075508
22,0.421,14.188,2.398,6.745,27.22772,064+00,10.376,11354225571485015963,5.40736,297.42003,0.81925535202
23,1.01,14.476,0.597,44.098,28.33548,064+00,10.495,11354348716787483797,2.06391,298.57946,0.350503623486
24,0.632,15.345,2.131,8.516,28.49483,064+00,11.893,11354383901160595062,3.26894,299.00488,0.932223141193
25,0.444,14.142,1.706,11.212,28.75541,064+00,12.222,11354401493345871291,1.27103,299.125,0.837358355522
26,1.059,14.77,2.317,7.616,28.84977,064+00,10.543,11354401493345872948,6.69731,299.13263,0.998996078968
27,1.081,13.716,2.07,4.032,28.73353,064+00,9.656,11372433484040866593,5.63134,299.43406,0.988459169865
28,0.471,14.655,1.855,7.793,27.46536,064+00,10.846,11390324737250021147,4.54602,298.57238,0.997911274433
29,0.516,13.8,1.401,23.487,28.18872,064+00,10.42,11390412698178599966,2.89264,299.32343,0.469711303711
30,0.829,14.931,1.672,31.709,27.54977,064+00,12.984,11408356727946190073,1.02747,298.76588,0.937992215157
31,1.296,15.771,1.797,104.317,28.53897,064+00,8.876,11408462281060969710,31.204,299.9255,0.311897456646
32,0.129,14.373,2.219,0.633,26.28324,064+00,11.542,11426265573337020621,2.13841,298.06141,0.361857444048
33,0.326,15.059,2.769,9.657,26.85265,064+00,10.413,11426335942081255967,9.7561,298.6844,0.66577911377
34,0.457,17.119,1.117,11.278,28.2987,064+00,10.037,11426476679569417078,40.52665,299.98235,0.365832000971
35,0.521,17.928,1.398,5.782,27.37932,064+00,13.386,11444420709334494677,8.35041,299.61773,0.960594415665
36,0.631,13.93,1.115,9.632,27.82676,064+00,11.727,11444455893706593961,1.00603,299.86728,0.273179501295
37,1.049,13.713,1.354,7.376,26.06882,064+00,11.773,11462294370356034639,1.01768,298.26075,0.758947312832
38,0.55,15.403,1.522,22.385,27.44027,064+00,12.82,11462452700030020528,1.26112,299.73568,0.724078118801
39,0.422,14.544,1.146,15.378,27.72559,064+00,12.53,11462487884402148408,1.04389,300.29493,0.557258784771
40,0.559,13.762,1.401,19.802,25.40127,064+00,11.793,11480273584493703135,1.21721,298.07868,0.653775513172
41,0.455,15.205,1.81,8.54,26.70116,064+00,13.007,11480414321981359040,1.10828,299.59164,0.85456174612
42,0.429,14.777,1.542,16.588,26.84515,064+00,11.232,11480431914167438145,2.60368,299.70103,0.892092108727
43,0.419,17.255,1.565,32.379,25.79753,064+00,13.919,11498340759561357295,2.59722,298.98194,0.704819738865
44,1.187,14.77,0.763,15.524,26.03971,064+00,12.506,11534439925325812198,1.28827,299.82278,0.63688236475
0,0.473,15.655,0.44,39.538,22.79361,180-12,12.395,10858460176567241283,1.6795,77.12649,0.425593584776
1,0.598,16.248,0.608,9.778,24.14281,180-12,10.817,10894313051725763322,8.74605,75.02884,0.374344855547
2,0.286,15.896,0.985,19.873,21.70516,180-12,11.972,10930570547163353536,3.78182,76.90028,0.706153154373
0,0.626,18.242,0.415,12.813,31.96219,079-12,13.292,12256317687470597201,6.13028,319.9592,0.313979536295
0,0.557,12.139,1.735,20.817,80.19155,120+18,9.684,10169127958602974284,1.31434,1.67251,0.468478918076
0,0.535,17.768,0.537,31.887,67.21076,140+12,14.011,9882410510451082160,3.80988,63.19936,0.331090420485
1,0.412,19.566,0.658,25.645,68.70862,140+12,15.404,9900284171472185597,5.10514,61.18733,0.505950331688
2,0.549,17.416,1.006,29.065,67.60942,140+12,13.258,9990356164019404762,3.95239,58.35749,0.448365062475
3,0.483,18.79,0.535,23.485,67.20379,140+12,14.996,9990408940577596855,3.98087,59.48783,0.43918299675
4,1.251,20.749,0.388,40.897,66.5412,140+12,13.818,9990461717135743496,38.49399,59.89272,0.509231746197
0,0.277,15.774,1.44,13.98,-7.06813,020+12,13.09,6253054568558144014,1.57983,265.3133,0.619730591774
1,1.493,16.858,0.839,26.032,-6.61168,020+12,14.282,6253107345116913391,1.48459,264.92985,0.480712711811
2,0.423,14.955,1.388,9.725,-6.21207,020+12,10.281,6271156927998492771,7.35386,264.75255,0.958976864815
3,0.565,16.558,0.796,6.377,-6.58269,020+12,13.401,6307097764086188606,1.91814,265.99767,0.308565169573
4,0.945,16.669,1.339,16.35,-6.07569,020+12,14.359,6307150540645362121,1.52834,265.52096,0.681391775608
5,0.441,14.085,1.448,6.873,-6.73505,020+12,11.846,6325076978223566278,1.01067,266.49929,0.432689756155
6,1.7,20.669,0.426,37.087,-5.87901,020+12,14.732,6325182531340370178,17.14486,265.4677,0.735157430172
7,0.446,14.238,0.796,27.415,-5.12501,020+12,12.071,6325270492270735988,1.21997,264.63981,0.514107644558
8,0.874,15.649,0.839,21.236,-5.66616,020+12,13.222,6343196929849608341,1.13717,265.49288,0.324128687382
9,0.541,17.343,0.589,5.239,-6.89198,020+12,14.465,6361052998684132901,1.50006,267.21715,0.40106472373
10,0.771,17.742,0.721,10.169,-6.20721,020+12,14.429,6361140959614897024,2.24697,266.51755,0.420095235109
11,0.638,15.762,0.674,53.502,-5.54132,020+12,12.697,6361211328359087056,2.45177,265.7869,0.904887080193
12,0.52,14.393,1.4,14.363,-5.08918,020+12,10.714,6361264104917405792,2.66431,265.35513,0.597729623318
13,0.861,17.36,0.667,11.35,-4.42455,020+12,14.512,6397328086308778551,1.48671,265.27911,0.387677192688
14,0.978,16.628,0.753,6.257,-4.60044,020+12,14.186,6415307300445848460,1.21166,265.6615,0.408249020576
15,0.771,16.621,0.719,13.475,-5.28078,020+12,13.155,6487224156995283967,2.9368,267.92414,0.443878561258
16,1.188,18.895,0.549,38.321,-5.08747,020+12,13.612,6487241749181348585,12.10682,267.69771,0.38635635376
17,0.573,19.212,0.639,10.44,-4.41791,020+12,15.296,6487329710111653368,3.01038,266.79818,0.309865802526
18,0.814,19.07,0.748,76.54,-4.31538,020+12,15.221,6505326516435087439,3.3915,267.22496,0.738112509251
19,1.034,16.906,0.532,14.578,-3.9818,020+12,12.6,6505361700807949492,4.00628,266.86591,0.781611502171
20,0.746,15.444,0.827,13.802,-4.62428,020+12,13.213,6523288138386377098,1.16603,267.72782,0.377362757921
0,0.806,15.075,1.928,8.708,50.8327,154+00,12.987,10225880350782103637,1.24411,66.26931,0.454817533493
1,0.445,15.575,0.954,20.569,48.2921,154+00,12.74,10334089887141973879,1.74461,65.04967,0.256985992193
2,0.462,18.624,0.499,71.947,50.06317,154+00,13.726,10351928363790355317,5.27075,63.81209,0.453977435827
3,0.988,13.961,1.601,12.264,49.42375,154+00,10.088,10351981140348932476,4.49527,63.92292,0.999037861824
4,0.36,14.506,1.665,6.132,48.11029,154+00,12.309,10406112296807068874,1.01171,63.84511,0.298802345991
0,0.5,18.352,0.428,8.96,21.5633,191+08,14.038,7670105154435714160,3.65523,100.35621,0.387124031782
0,0.484,15.32,0.516,51.398,7.40067,049-12,12.361,12596216314035382798,1.45657,299.61029,0.264130055904
1,3.679,14.064,1.1,921.18,9.24518,049-12,10.875,12650540984542020235,1.0023,302.78651,0.702020227909
2,1.608,13.548,1.22,88.713,8.20424,049-12,11.694,12686481820628496512,1.19555,302.20719,0.2776927948
3,0.452,20.307,0.332,13.094,7.60758,049-12,14.429,12704443442579834747,10.93202,301.95567,0.385376751423
0,1.484,15.374,0.566,25.955,59.72527,094+12,11.942,10491751058471344940,2.17586,309.01628,0.35584294796
1,0.48,16.554,0.985,9.344,57.72818,094+12,11.901,10581717497902315622,6.56679,308.98688,0.293668419123
0,1.672,13.774,2.008,38.541,-4.37832,025+06,12.49,11909628477093205622,1.06305,272.44068,0.887065887451
1,0.938,17.26,0.962,43.562,-5.31419,025+06,11.747,11981650886758984341,13.92395,272.81243,0.765987873077
2,0.674,14.631,1.977,35.125,-5.15728,025+06,12.127,11981650886759104618,1.58623,272.77062,0.888361155987
3,1.106,15.87,1.206,5.219,-4.53814,025+06,13.316,11981721255503434530,1.50693,273.51078,0.744359135628
4,1.594,19.888,0.55,29.263,-4.36791,025+06,14.225,11981756439875560871,11.23152,273.75655,0.840460300446
5,1.951,12.004,2.222,48.701,-5.29526,025+06,9.187,12035746858846005077,1.01262,273.82184,0.471613585949
6,1.747,12.801,2.594,78.375,-5.35192,025+06,10.264,12053761257355342966,1.97265,274.18272,0.73879134655
7,0.453,13.445,1.089,25.636,-5.21035,025+06,11.398,12053778849541385251,1.09433,274.34659,0.360684812069
8,1.064,14.369,1.136,15.975,-5.35834,025+06,10.703,12053778849541945479,3.30197,274.20534,0.950715661049
9,0.752,15.932,1.438,8.978,-4.84413,025+06,13.478,12053831626099573327,1.41175,274.72827,0.669335246086
10,1.942,12.001,2.528,68.685,-5.77165,025+06,9.123,12089772462188209027,0.99744,274.2805,0.265446275473
11,0.71,13.776,1.548,10.331,-5.92648,025+06,10.737,12125836443580041772,2.52949,274.87303,0.99895131588
0,0.471,22.077,0.119,31.23,64.18966,146+12,14.713,9720738320702992942,55.62762,72.51578,0.819728970528
1,0.334,16.278,0.71,29.781,63.55177,146+12,11.853,9720808689447183752,4.15254,72.84884,0.265730947256
0,0.456,18.429,0.438,42.429,49.0173,160+06,13.303,9686134490753687080,7.3442,79.47816,0.715098023415
1,0.464,17.518,0.588,16.475,48.00645,160+06,13.939,9686240043870018551,3.00534,79.90436,0.301939129829
2,0.336,14.307,0.787,10.078,48.37322,160+06,10.523,9704201665821333948,2.92816,79.46779,0.458920359612
3,0.258,14.194,0.712,8.517,47.33998,160+06,10.492,9776276852044917554,2.35508,78.02254,0.377726405859
4,1.991,13.871,1.607,91.301,48.56031,160+06,10.662,9812164911576089686,2.03921,76.72876,0.981552898884
0,0.745,17.447,1.341,8.684,76.56585,120+12,14.13,10511419122468851920,2.9792,1.9727,0.840313196182
0,0.793,14.955,1.563,20.095,63.12745,116+00,11.932,11718225492929805556,2.48574,355.28432,0.998747944832
1,0.515,16.959,1.235,16.881,62.40585,116+00,12.728,11772251096273009311,4.19233,355.01054,0.789649069309
2,1.079,15.135,0.995,11.508,62.72755,116+00,11.792,11772303872831026263,2.39335,356.37914,0.928634524345
3,0.581,17.034,1.053,9.32,62.93645,116+00,13.007,11808367854221718614,3.41913,358.14467,0.348887205124
4,1.081,15.156,0.79,7.268,62.84717,116+00,11.588,11862481418493974102,2.81401,0.60585,0.939705491066
5,0.523,14.648,0.935,7.605,61.27092,116+00,11.639,11880355079515123030,1.64485,355.53232,0.792638480663
6,0.666,14.662,0.978,12.907,62.3261,116+00,11.711,11880443040445438580,1.84567,358.35758,0.614522099495
7,0.554,13.222,1.087,15.739,61.95962,116+00,10.152,11898545399885932829,1.90174,1.77321,0.695640683174
8,1.123,21.428,0.492,37.782,61.70532,116+00,14.453,11934574196905506398,30.85851,1.4504,0.630187749863
0,0.593,14.983,0.839,16.584,19.87007,064-12,10.358,12273083040771382142,5.7113,307.53614,0.351143807173
0,0.34,18.079,0.737,32.055,34.53879,169-08,13.83,10443337362477313557,6.0645,73.08443,0.290559023619
1,0.758,17.723,0.896,39.867,34.88288,169-08,13.634,10461281392242434444,6.33985,72.24913,0.542608380318
2,0.561,17.166,0.597,40.231,33.28224,169-08,14.642,10497433334563537290,1.24195,73.22391,0.26744607091
3,0.41,17.674,1.13,14.377,34.64394,169-08,13.152,10587276628692519464,7.57769,69.96572,0.347154200077
4,0.471,19.662,0.88,38.881,34.52104,169-08,15.236,10605308619388046113,6.62343,69.94639,0.260736256838
5,0.492,14.313,0.785,57.482,33.07961,169-08,12.05,10623428571014107009,1.12419,70.80615,0.717214584351
6,0.356,15.466,1.33,29.882,34.10595,169-08,12.979,10641319824220975376,1.41596,69.42778,0.656770944595
7,0.581,14.883,1.428,63.209,31.99708,169-08,12.382,10641530930453647351,1.23447,71.46321,0.340808033943
8,0.428,16.97,1.239,42.515,31.47093,169-08,13.478,10731585330814806161,2.55249,70.49958,0.372057139874
9,0.56,14.224,0.795,35.261,31.58448,169-08,12.022,10749564544952174864,1.172,70.06516,0.646057486534
0,0.599,13.998,0.688,9.662,44.94268,161+00,11.38,10064436859452616273,1.29912,72.66504,0.582194745541
1,0.386,18.682,0.784,39.866,45.62729,161+00,14.474,10082380889218294911,5.75758,71.93494,0.282963067293
2,0.864,18.858,0.638,19.26,44.91077,161+00,14.458,10136441676933052140,5.9454,71.19859,0.37164324522
3,0.544,14.587,1.216,5.304,43.96281,161+00,11.247,10154508851999795562,2.67958,71.05162,0.915715992451
0,0.588,13.803,1.463,7.228,56.11843,100+00,10.823,11320888378931916197,1.95207,327.62281,0.965819180012
1,0.835,15.318,1.659,9.256,56.75506,100+00,11.865,11338973146185054219,2.92551,329.02546,0.998410463333
2,1.156,15.612,1.849,7.32,56.98987,100+00,12.534,11338990738370294952,2.20952,329.31243,0.773466408253
3,0.536,14.297,1.778,7.489,55.87229,100+00,10.257,11356917175949470813,4.76089,328.18571,0.997672021389
4,0.29,15.068,1.181,42.384,54.78069,100+00,11.744,11374861205716659827,2.00695,326.79851,0.267029941082
5,0.877,14.208,1.88,24.149,55.62749,100+00,9.584,11374913982274407330,8.0664,327.89514,0.999248564243
6,0.901,18.982,1.452,47.39,56.14965,100+00,11.831,11374966758831260612,45.50594,328.69973,0.621681928635
7,0.639,14.403,1.674,8.245,54.73625,100+00,10.415,11392875604224767653,4.35239,327.19236,0.999129593372
8,0.266,17.684,1.5,16.377,55.81525,100+00,14.182,11392981157340819108,2.95405,328.88519,0.334816396236
9,0.304,14.354,1.822,6.897,54.38594,100+00,11.678,11428904401243747083,1.63515,327.33291,0.430024623871
10,0.405,14.74,1.397,26.52,54.35081,100+00,10.18,11464968382636409541,6.78624,328.42199,0.98043847084
11,0.813,15.66,1.491,2.704,55.98259,100+00,12.243,11501173101514028134,3.07826,331.95912,0.984712362289
12,0.658,15.203,1.664,3.327,56.27362,100+00,12.896,11501208285886045819,1.38051,332.44177,0.950086891651
13,1.004,17.13,1.252,65.019,53.13895,100+00,8.528,11627150745779078222,52.78896,330.77466,0.465300410986
0,0.377,15.736,1.624,6.698,69.48167,120+06,13.416,11052009407428738697,1.40493,8.35238,0.732370615005
1,0.425,17.973,0.846,20.776,68.99398,120+06,15.214,11070041398123615961,1.5829,9.2863,0.291841596365
2,0.528,19.997,0.647,35.303,68.83168,120+06,14.674,11088073388819151045,11.97412,9.46172,0.264320552349
3,0.298,17.875,1.154,4.501,68.96916,120+06,12.851,11124049409280015595,8.03861,7.34115,0.788656651974
4,0.481,17.087,1.135,7.331,69.53765,120+06,14.832,11159972653182564718,1.41959,2.81314,0.340492188931
5,0.35,18.454,1.119,8.381,69.00827,120+06,14.827,11214015848711502919,3.70332,2.80401,0.323233574629
6,0.146,14.3,2.05,7.588,68.5016,120+06,10.048,11250062237915998575,4.92325,3.74597,0.547657489777
7,0.389,15.896,1.046,8.046,68.97372,120+06,11.768,11286003074005363711,3.92337,359.94405,0.831804871559
8,0.479,18.718,1.289,5.965,68.5204,120+06,13.963,11322049463210173542,6.58381,0.06331,0.977615535259
9,0.987,18.339,1.19,19.261,68.27802,120+06,0.0,11322067055396222679,6.58843,0.94283,0.273249715567
10,0.406,17.077,1.741,13.358,67.40727,120+06,13.14,11322155016326083201,4.10043,4.57109,0.742527186871
11,0.522,15.357,1.929,22.691,67.75522,120+06,13.025,11394107057248547699,1.29343,0.25964,0.523955345154
12,0.286,15.895,1.829,3.841,67.51143,120+06,12.157,11412121455757646420,3.24679,0.56241,0.60297369957
13,0.655,15.495,1.883,23.617,67.54243,120+06,12.5,11412121455758030103,1.49691,0.53934,0.343694329262
0,0.332,14.774,1.689,7.677,52.88159,094+00,12.634,11248461348985695765,1.41465,320.87427,0.603838562965
1,0.397,15.071,1.464,34.333,52.11762,094+00,11.098,11266405378752024628,4.72846,320.1852,0.945980727673
2,1.055,15.009,0.864,58.803,51.79461,094+00,11.688,11284402185075469879,1.65125,320.02998,0.769284129143
3,0.392,14.253,1.596,11.09,52.2833,094+00,12.262,11302486952328469774,1.1421,321.25732,0.792153537273
4,0.904,13.612,1.299,11.364,50.79248,094+00,10.095,11320378205536461564,3.02197,319.6663,0.998555243015
5,0.675,14.66,1.846,10.95,52.00149,094+00,12.772,11320501350838511514,1.19189,321.44665,0.74976849556
6,0.589,14.82,2.458,12.361,52.32163,094+00,10.376,11320536535210023586,7.34496,321.79602,0.780018389225
7,0.724,15.658,1.419,65.29,50.87464,094+00,12.795,11338427788417896205,1.42279,320.50619,0.406212598085
8,0.447,15.33,1.345,6.561,52.97297,094+00,11.196,11338621302463592393,4.10971,323.304,0.961014926434
9,0.714,15.673,1.771,22.77,51.67275,094+00,13.801,11356530147857214192,1.06951,321.68997,0.385315895081
10,0.719,14.28,1.918,6.174,50.1253,094+00,10.725,11392453391760324501,3.43476,320.82021,0.995438635349
11,1.414,15.35,1.336,12.856,52.83729,094+00,11.586,11392699682364207298,3.0963,324.10486,0.866015613079
12,0.43,15.463,0.775,6.344,49.73387,094+00,12.232,11410450198082798437,1.59311,320.71313,0.459943115711
13,0.896,13.833,1.866,15.057,51.38239,094+00,9.779,11410608527757706495,4.3157,322.933,0.99900406599
14,0.356,15.582,0.58,6.019,52.37771,094+00,10.769,11410696488688598050,5.22993,323.94972,0.585266709328
15,1.242,15.709,1.628,13.331,52.58702,094+00,12.477,11410714080873718223,2.4833,324.41589,0.986639022827
16,0.534,13.992,1.592,46.574,50.55288,094+00,12.485,11428552557523338201,1.10301,321.98321,0.646225571632
17,0.491,14.416,1.728,12.665,52.2015,094+00,9.751,11428710887197226956,6.92923,324.22089,0.979719936848
18,0.846,14.612,1.863,31.63,52.39325,094+00,9.378,11428728479383207227,11.45999,324.63304,0.999240040779
19,0.484,16.357,2.122,13.056,49.92382,094+00,11.885,11446531771659853047,6.76053,321.70919,0.29410675168
20,1.296,16.225,1.57,15.069,50.00749,094+00,13.431,11464581354542156719,1.79825,322.45404,0.258354067802
0,0.803,14.774,0.653,9.284,-0.86337,034-06,12.514,12451010410426474397,1.0397,287.19317,0.549238562584
1,0.565,18.396,0.655,5.422,-0.4935,034-06,14.78,12469077585493396462,2.77806,287.85436,0.634590446949
2,1.135,12.904,2.183,104.142,-1.49337,034-06,9.893,12486986430886940273,2.02158,287.12973,0.647444963455
3,1.211,12.109,2.145,110.641,-0.56499,034-06,9.395,12487091984002876139,1.40082,288.06681,0.352837890387
4,0.745,15.896,0.543,7.918,-0.38934,034-06,13.284,12487109576189067390,1.20292,288.19013,0.376195997
5,0.788,19.432,0.215,18.558,-1.98413,034-06,12.109,12522997635719610880,43.56143,287.1456,0.388215333223
6,0.558,15.366,0.725,82.595,-2.33556,034-06,12.488,12649186386217567990,1.48435,289.28405,0.274675399065
7,1.311,12.692,1.438,37.845,-1.37324,034-06,9.354,12667306337840932472,1.21732,290.57748,0.279871225357
8,3.467,12.0,2.427,477.168,-2.54095,034-06,10.234,12703247173928617002,1.01548,290.04131,0.805809736252
0,0.769,20.001,0.432,9.045,51.78445,120-12,15.722,12529383599252065813,3.81284,9.46736,0.748519361019
1,0.599,18.09,0.475,8.59,51.5078,120-12,14.139,12583409202594173982,2.91709,8.8263,0.489328473806
0,1.151,12.798,1.86,40.715,-9.60848,025-06,10.645,12756516313272895757,0.99425,282.7079,0.568316221237
1,1.17,21.968,0.149,54.904,-10.29265,025-06,12.84,12864637888704436708,98.6964,284.17092,0.431267559528
2,0.647,19.673,0.328,8.107,-9.07191,025-06,13.051,12864761034004903252,23.05996,285.45704,0.597865343094
3,1.229,18.524,1.095,68.205,-9.80527,025-06,10.123,12882722655956924431,102.98242,285.0134,0.918426394463
4,0.372,13.561,1.31,4.715,-10.49833,025-06,9.696,12954762657806691384,3.03565,285.6738,0.630273640156
5,0.374,20.114,0.615,4.405,-10.48164,025-06,14.737,12954762657808954716,8.33683,285.6863,0.260570973158
6,0.504,19.58,0.794,10.763,-10.91081,025-06,14.231,12990791454825205760,9.61663,286.03489,0.500783205032
7,1.503,12.316,1.723,65.129,-10.70102,025-06,9.961,13008823445521092208,1.0145,286.29451,0.736341714859
0,0.657,16.938,1.283,5.063,37.59827,079-06,13.883,11607728972384879494,1.66244,312.92305,0.287268489599
1,0.584,13.291,1.851,14.411,36.45007,079-06,10.299,11661701799170525885,1.98208,312.69548,0.556058108807
2,0.464,19.942,0.421,42.196,35.80945,079-06,14.79,11769840966785288030,7.31635,314.37163,0.389384180307
3,0.718,17.215,0.808,31.051,36.59335,079-06,13.362,11769893743343953609,3.03045,314.80999,0.265729695559
0,0.562,19.472,0.59,9.271,-10.70134,025-12,14.15,13207175343171497195,8.37089,290.20001,0.482284843922
1,0.499,15.363,0.458,27.153,-12.71973,025-12,11.243,13261060209026278243,2.5868,289.17858,0.788404643536
2,0.457,16.015,0.594,18.671,-13.47561,025-12,11.214,13297018637300927835,5.67853,288.85406,0.321220576763
3,0.439,15.151,0.547,7.42,-12.49283,025-12,11.124,13405316134589837170,2.72076,291.97792,0.297209620476
0,0.884,17.596,1.347,21.489,25.44141,184+00,14.123,10210293673946853486,2.40198,86.927,0.893215477467
0,1.091,15.547,1.761,104.389,43.71529,100-12,13.393,12726240161089252655,1.1662,340.92904,0.365341931581
0,0.67,12.262,1.506,76.621,31.24102,064+06,9.279,10885816025866666621,1.09656,292.40495,0.630244791508
1,1.228,13.297,1.492,52.526,29.24211,064+06,9.034,10975764873111298029,1.71544,292.08574,0.80986815691
0,0.311,16.415,1.394,15.418,55.57507,094+06,13.59,10833954261408024247,2.03974,313.36238,0.323484569788
1,0.458,16.245,0.728,28.134,54.27367,094+06,12.58,10887944680378705657,2.90035,313.42333,0.395212054253
2,0.393,15.313,1.591,15.461,55.64354,094+06,12.805,10888067825680424277,1.78998,314.9102,0.747595191002
3,0.521,14.735,0.424,65.963,56.3324,094+06,11.921,10888120602238502660,1.31715,315.6588,0.341689050198
4,0.313,14.365,1.501,11.984,56.51369,094+06,10.704,10888138194425031349,2.75677,316.0571,0.494923561811
5,0.511,17.035,0.848,64.462,55.52232,094+06,14.871,10906082224189913166,1.45976,315.23109,0.378985971212
6,0.445,18.817,1.294,17.158,54.30239,094+06,13.837,10924008661769953004,7.80425,314.46197,0.561943233013
7,0.589,15.124,1.74,30.408,56.687,094+06,12.049,10924219768002108006,2.03,317.17709,0.395624220371
8,0.866,15.097,1.665,11.336,53.94287,094+06,11.692,10978069449484574519,2.84143,315.32216,0.997326612473
9,0.478,14.362,1.613,15.818,55.20838,094+06,11.578,10978192594785353153,1.75141,316.83695,0.928589165211
10,0.449,18.396,1.012,18.401,55.29601,094+06,13.709,10978192594786464129,7.60943,316.87895,0.301953226328
11,1.059,19.018,0.632,65.072,54.77781,094+06,15.117,10996189401108800006,2.97001,316.91522,0.508221685886
12,0.623,18.264,0.959,22.321,55.04895,094+06,13.567,10996206993296207274,5.66177,317.295,0.280306071043
13,0.917,19.469,0.903,53.217,55.81135,094+06,15.155,11014291760549491119,4.44978,318.36277,0.625333964825
14,0.435,17.372,1.079,19.127,54.34286,094+06,14.392,11050232596637254401,1.77531,317.40381,0.273848086596
0,0.313,15.244,0.625,8.328,40.86386,169+08,11.039,9380927655068800067,3.76187,87.81529,0.641116857529
0,1.067,13.443,1.436,128.441,6.16667,034+12,10.147,11207612292990600250,1.99037,270.95432,0.899943888187
1,0.572,17.322,0.409,6.74,4.8674,034+12,11.701,11297631508979926545,10.0507,271.46782,0.487080305815
2,0.403,19.661,0.251,15.366,5.33457,034+12,13.312,11351762665439895385,16.24512,272.85352,0.500303089619
3,0.423,19.509,0.455,7.36,5.48868,034+12,14.117,11423908220407886568,8.33727,274.39777,0.696960866451
0,0.709,18.93,0.581,19.02,56.7349,120-06,12.541,12258991699749193619,18.81639,5.59896,0.536551356316
0,0.506,16.28,1.425,20.581,59.48539,100+06,12.714,10870387678705616062,2.23769,320.11539,0.536841869354
1,0.427,16.994,1.185,16.728,58.54701,100+06,13.134,10942427680557635014,3.73052,320.59704,0.67827475071
2,0.431,16.426,1.75,32.083,59.04894,100+06,12.795,10942480457115653632,3.2559,321.4864,0.528474271297
3,0.362,15.296,0.786,23.606,58.57542,100+06,12.004,10960459671252532103,2.57205,320.98139,0.453080117702
4,0.375,18.085,1.258,7.416,58.73679,100+06,0.0,11014573235526287986,3.14354,323.00709,0.508220851421
5,0.843,18.565,1.344,30.249,58.72652,100+06,13.037,11014573235527527518,12.55624,323.23142,0.395621478558
6,0.36,17.429,0.675,27.205,59.60234,100+06,12.934,11014643604270175896,5.64473,324.26498,0.354389876127
7,0.669,17.271,1.321,51.427,57.86674,100+06,13.536,11032517265291746896,3.13503,322.00253,0.309581071138
8,0.634,18.481,1.463,12.978,58.74881,100+06,13.398,11050637216917987233,12.20708,323.93531,0.448799192905
9,0.326,15.186,1.369,22.571,57.98142,100+06,12.292,11068598838868790439,1.43239,323.33385,0.42786988616
10,0.971,15.593,1.492,45.149,57.91404,100+06,12.454,11068598838868802257,1.99712,323.48138,0.401230722666
11,0.406,17.756,1.514,4.248,58.00965,100+06,13.955,11104680412446424134,4.15547,324.61832,0.456946343184
12,0.47,17.961,1.308,12.261,58.25321,100+06,13.674,11104698004631666482,4.12029,325.01896,0.314744412899
13,0.484,18.241,1.225,5.301,57.95688,100+06,13.676,11122694810955208362,6.69191,324.89887,0.764240205288
14,0.418,15.375,1.605,7.139,58.19251,100+06,12.256,11122712403141147642,2.117,325.15245,0.869766116142
0,0.486,15.67,1.27,7.721,18.05487,191+00,13.059,7832797690974448090,1.24442,93.09013,0.565897226334
1,0.449,14.768,1.894,14.737,17.93501,191+00,13.188,7850829681669974328,0.99663,92.84972,0.911248385906
2,0.536,14.244,1.659,7.295,17.69874,191+00,11.359,7886928847432682985,1.96421,91.73442,0.993790209293
3,0.474,16.374,1.292,36.831,20.61552,191+00,12.36,8012836122952720031,2.92929,92.36194,0.333940535784
4,1.903,17.165,1.422,153.079,20.65763,191+00,14.103,8012836122952720727,2.02167,92.44242,0.33249682188
5,0.409,16.805,1.722,15.492,19.51257,191+00,13.907,8012959268255050134,1.92666,91.22974,0.263284146786
6,0.885,13.827,1.419,7.113,20.08136,191+00,10.662,8066984871597918325,2.13463,90.79107,0.979803442955
7,0.82,13.728,1.793,11.621,20.94564,191+00,10.327,8084928901362525464,2.94583,91.34521,0.999376833439
0,1.386,19.031,0.967,54.119,47.91399,094-06,12.085,11788963673014492811,26.77562,326.90935,0.779632866383
1,0.697,16.557,0.82,7.855,47.16938,094-06,11.963,11861021267052297762,5.54698,327.6008,0.645576775074
2,1.313,15.88,1.089,117.358,47.17034,094-06,12.303,11897085248443315143,2.55393,328.17812,0.409139692783
3,0.415,15.399,1.244,16.981,47.23946,094-06,11.504,11897102840629967404,2.2302,328.50601,0.636529564857
0,0.435,16.506,0.769,46.271,61.79366,131+00,13.193,11016737074408815486,2.76839,31.51621,0.329305171967
1,0.427,17.607,0.725,12.13,60.65665,131+00,14.528,11016825035339400221,2.12675,33.38504,0.329745411873
2,1.076,16.723,1.244,51.782,62.24544,131+00,13.245,11052677910497526486,2.55692,29.30287,0.704847216606
3,0.779,14.075,1.425,17.138,60.44214,131+00,9.853,11052853832358924384,5.46062,32.89755,0.999657034874
4,0.609,17.141,1.349,20.43,62.97372,131+00,12.671,11088618746586071505,7.36449,26.67917,0.555419147015
5,0.959,15.466,0.927,8.494,60.02531,131+00,12.677,11142873048347108898,1.37935,30.63623,0.499938011169
0,0.745,17.045,1.298,8.149,56.78841,146+00,13.757,10405303056249585513,2.22401,57.03277,0.375264644623
1,0.403,19.431,1.235,6.794,56.41051,146+00,14.321,10441331853267969724,8.98802,56.22869,0.835918784142
2,0.853,18.176,1.219,75.704,54.35805,146+00,13.39,10477518979961530216,8.73863,57.46358,0.855662047863
3,0.686,14.238,2.108,6.275,56.02981,146+00,11.206,10495375048796432654,2.38159,55.53694,0.967559993267
4,0.364,13.649,1.957,9.922,54.66707,146+00,10.02,10495480601912849973,3.78925,56.48168,0.876593589783
5,0.462,14.726,1.08,11.731,54.21086,146+00,12.513,10495515786284988478,1.13276,56.94946,0.262798011303
6,0.653,14.701,1.991,5.637,55.12782,146+00,11.246,10531421438001538839,3.12464,55.04555,0.997498214245
7,0.534,14.881,1.212,9.111,53.82056,146+00,11.975,10531544583303971216,2.18998,56.37577,0.849066317081
8,0.456,14.85,1.312,13.107,55.0721,146+00,11.138,10549435836511038136,3.60722,54.7808,0.985988438129
9,0.558,14.427,2.178,23.464,54.49535,146+00,11.416,10549506205255245679,2.68867,55.57932,0.971743285656
10,0.403,12.831,1.822,6.389,55.68849,146+00,9.747,10567379866276720689,2.03463,53.86963,0.761256754398
11,0.357,14.683,1.269,6.35,55.0758,146+00,12.667,10567432642834451937,1.06451,54.29964,0.609523653984
12,0.417,15.596,1.443,9.408,55.00261,146+00,13.081,10603443847667371598,1.52646,53.7205,0.66626894474
0,0.54,15.314,0.862,94.689,31.0622,169-12,12.448,10929585384744578445,1.45023,66.84225,0.355252832174
0,0.441,17.856,0.425,19.436,14.40745,191-08,14.061,11075371830494754434,3.50438,82.28043,0.365689218044
0,0.566,21.672,0.125,23.639,46.84317,140-12,15.195,11701970313025044604,21.78898,36.26443,0.579485058784
